{
  "dataset_revision": "c22ab2a51041ffd869aaddef7af8d8215647e41a",
  "task_name": "ArguAna",
  "mteb_version": "1.38.29",
  "scores": {
    "test": [
      {
        "ndcg_at_1": 0.42959,
        "ndcg_at_3": 0.60121,
        "ndcg_at_5": 0.64743,
        "ndcg_at_10": 0.67998,
        "ndcg_at_20": 0.68888,
        "ndcg_at_100": 0.69349,
        "ndcg_at_1000": 0.69378,
        "map_at_1": 0.42959,
        "map_at_3": 0.5588,
        "map_at_5": 0.5844,
        "map_at_10": 0.59804,
        "map_at_20": 0.60053,
        "map_at_100": 0.60126,
        "map_at_1000": 0.60127,
        "recall_at_1": 0.42959,
        "recall_at_3": 0.72404,
        "recall_at_5": 0.83642,
        "recall_at_10": 0.93599,
        "recall_at_20": 0.97084,
        "recall_at_100": 0.99431,
        "recall_at_1000": 0.99644,
        "precision_at_1": 0.42959,
        "precision_at_3": 0.24135,
        "precision_at_5": 0.16728,
        "precision_at_10": 0.0936,
        "precision_at_20": 0.04854,
        "precision_at_100": 0.00994,
        "precision_at_1000": 0.001,
        "mrr_at_1": 0.435989,
        "mrr_at_3": 0.560811,
        "mrr_at_5": 0.586878,
        "mrr_at_10": 0.600386,
        "mrr_at_20": 0.602875,
        "mrr_at_100": 0.603606,
        "mrr_at_1000": 0.603619,
        "nauc_ndcg_at_1_max": -0.11893,
        "nauc_ndcg_at_1_std": -0.196542,
        "nauc_ndcg_at_1_diff1": 0.16075,
        "nauc_ndcg_at_3_max": -0.070022,
        "nauc_ndcg_at_3_std": -0.201221,
        "nauc_ndcg_at_3_diff1": 0.132366,
        "nauc_ndcg_at_5_max": -0.056201,
        "nauc_ndcg_at_5_std": -0.181272,
        "nauc_ndcg_at_5_diff1": 0.148301,
        "nauc_ndcg_at_10_max": -0.071005,
        "nauc_ndcg_at_10_std": -0.183533,
        "nauc_ndcg_at_10_diff1": 0.136181,
        "nauc_ndcg_at_20_max": -0.074324,
        "nauc_ndcg_at_20_std": -0.186202,
        "nauc_ndcg_at_20_diff1": 0.13838,
        "nauc_ndcg_at_100_max": -0.080636,
        "nauc_ndcg_at_100_std": -0.187235,
        "nauc_ndcg_at_100_diff1": 0.140188,
        "nauc_ndcg_at_1000_max": -0.082037,
        "nauc_ndcg_at_1000_std": -0.188234,
        "nauc_ndcg_at_1000_diff1": 0.139914,
        "nauc_map_at_1_max": -0.11893,
        "nauc_map_at_1_std": -0.196542,
        "nauc_map_at_1_diff1": 0.16075,
        "nauc_map_at_3_max": -0.087077,
        "nauc_map_at_3_std": -0.201351,
        "nauc_map_at_3_diff1": 0.137284,
        "nauc_map_at_5_max": -0.081573,
        "nauc_map_at_5_std": -0.192085,
        "nauc_map_at_5_diff1": 0.145488,
        "nauc_map_at_10_max": -0.087719,
        "nauc_map_at_10_std": -0.192684,
        "nauc_map_at_10_diff1": 0.14104,
        "nauc_map_at_20_max": -0.088681,
        "nauc_map_at_20_std": -0.193085,
        "nauc_map_at_20_diff1": 0.141267,
        "nauc_map_at_100_max": -0.089443,
        "nauc_map_at_100_std": -0.193261,
        "nauc_map_at_100_diff1": 0.141537,
        "nauc_map_at_1000_max": -0.089494,
        "nauc_map_at_1000_std": -0.193302,
        "nauc_map_at_1000_diff1": 0.141528,
        "nauc_recall_at_1_max": -0.11893,
        "nauc_recall_at_1_std": -0.196542,
        "nauc_recall_at_1_diff1": 0.16075,
        "nauc_recall_at_3_max": -0.004879,
        "nauc_recall_at_3_std": -0.199977,
        "nauc_recall_at_3_diff1": 0.115692,
        "nauc_recall_at_5_max": 0.08823,
        "nauc_recall_at_5_std": -0.114766,
        "nauc_recall_at_5_diff1": 0.170297,
        "nauc_recall_at_10_max": 0.131844,
        "nauc_recall_at_10_std": -0.059437,
        "nauc_recall_at_10_diff1": 0.07368,
        "nauc_recall_at_20_max": 0.282755,
        "nauc_recall_at_20_std": -0.008802,
        "nauc_recall_at_20_diff1": 0.086354,
        "nauc_recall_at_100_max": 0.505347,
        "nauc_recall_at_100_std": 0.542564,
        "nauc_recall_at_100_diff1": 0.196159,
        "nauc_recall_at_1000_max": 0.234707,
        "nauc_recall_at_1000_std": 0.554706,
        "nauc_recall_at_1000_diff1": 0.106844,
        "nauc_precision_at_1_max": -0.11893,
        "nauc_precision_at_1_std": -0.196542,
        "nauc_precision_at_1_diff1": 0.16075,
        "nauc_precision_at_3_max": -0.004879,
        "nauc_precision_at_3_std": -0.199977,
        "nauc_precision_at_3_diff1": 0.115692,
        "nauc_precision_at_5_max": 0.08823,
        "nauc_precision_at_5_std": -0.114766,
        "nauc_precision_at_5_diff1": 0.170297,
        "nauc_precision_at_10_max": 0.131844,
        "nauc_precision_at_10_std": -0.059437,
        "nauc_precision_at_10_diff1": 0.07368,
        "nauc_precision_at_20_max": 0.282755,
        "nauc_precision_at_20_std": -0.008802,
        "nauc_precision_at_20_diff1": 0.086354,
        "nauc_precision_at_100_max": 0.505347,
        "nauc_precision_at_100_std": 0.542564,
        "nauc_precision_at_100_diff1": 0.196159,
        "nauc_precision_at_1000_max": 0.234707,
        "nauc_precision_at_1000_std": 0.554706,
        "nauc_precision_at_1000_diff1": 0.106844,
        "nauc_mrr_at_1_max": -0.126681,
        "nauc_mrr_at_1_std": -0.195839,
        "nauc_mrr_at_1_diff1": 0.143234,
        "nauc_mrr_at_3_max": -0.101465,
        "nauc_mrr_at_3_std": -0.203828,
        "nauc_mrr_at_3_diff1": 0.117005,
        "nauc_mrr_at_5_max": -0.09318,
        "nauc_mrr_at_5_std": -0.191948,
        "nauc_mrr_at_5_diff1": 0.127384,
        "nauc_mrr_at_10_max": -0.100484,
        "nauc_mrr_at_10_std": -0.193016,
        "nauc_mrr_at_10_diff1": 0.121412,
        "nauc_mrr_at_20_max": -0.101602,
        "nauc_mrr_at_20_std": -0.193415,
        "nauc_mrr_at_20_diff1": 0.121419,
        "nauc_mrr_at_100_max": -0.102398,
        "nauc_mrr_at_100_std": -0.193591,
        "nauc_mrr_at_100_diff1": 0.121636,
        "nauc_mrr_at_1000_max": -0.102449,
        "nauc_mrr_at_1000_std": -0.193633,
        "nauc_mrr_at_1000_diff1": 0.121626,
        "main_score": 0.67998,
        "hf_subset": "default",
        "languages": [
          "eng-Latn"
        ]
      }
    ]
  },
  "evaluation_time": 198.9842929840088,
  "kg_co2_emissions": null
}